cancer_type,normalization,batch_num,status,start_time,end_time,duration_seconds,error_message
COAD,raw,1,success,2026-01-21T18:39:29.168376,2026-01-21T18:39:44.665267,15.496891,
COAD,raw,2,success,2026-01-21T18:39:44.665981,2026-01-21T18:40:00.184555,15.518574,
COAD,raw,3,success,2026-01-21T18:40:00.185336,2026-01-21T18:40:17.118675,16.933339,
COAD,raw,4,success,2026-01-21T18:40:17.119360,2026-01-21T18:40:34.120204,17.000844,
COAD,raw,5,success,2026-01-21T18:40:34.120906,2026-01-21T18:40:49.278234,15.157328,
COAD,raw,6,success,2026-01-21T18:40:49.278917,2026-01-21T18:41:04.085325,14.806408,
COAD,raw,7,success,2026-01-21T18:41:04.086118,2026-01-21T18:41:19.008986,14.922868,
COAD,raw,8,success,2026-01-21T18:41:19.009681,2026-01-21T18:41:33.861385,14.851704,
COAD,raw,9,success,2026-01-21T18:41:33.862103,2026-01-21T18:41:48.911980,15.049877,
COAD,raw,10,success,2026-01-21T18:41:48.912705,2026-01-21T18:42:04.080781,15.168076,
COAD,raw,11,success,2026-01-21T18:42:04.081454,2026-01-21T18:42:19.202273,15.120819,
COAD,raw,12,success,2026-01-21T18:42:19.203084,2026-01-21T18:42:34.364169,15.161085,
COAD,raw,13,success,2026-01-21T18:42:34.364848,2026-01-21T18:42:49.533196,15.168348,
COAD,raw,14,success,2026-01-21T18:42:49.533893,2026-01-21T18:43:04.799249,15.265356,
COAD,raw,15,success,2026-01-21T18:43:04.799943,2026-01-21T18:43:19.902910,15.102967,
COAD,raw,16,success,2026-01-21T18:43:19.903587,2026-01-21T18:43:35.583499,15.679912,
COAD,raw,17,success,2026-01-21T18:43:35.584200,2026-01-21T18:43:50.738621,15.154421,
COAD,raw,18,success,2026-01-21T18:43:50.739340,2026-01-21T18:44:06.107713,15.368373,
COAD,raw,19,success,2026-01-21T18:44:06.108409,2026-01-21T18:44:20.834283,14.725874,
COAD,raw,20,success,2026-01-21T18:44:20.834975,2026-01-21T18:44:35.555993,14.721018,
COAD,TC,1,success,2026-01-21T18:44:35.556712,2026-01-21T18:44:50.562684,15.005972,
COAD,TC,2,success,2026-01-21T18:44:50.563629,2026-01-21T18:45:05.349601,14.785972,
COAD,TC,3,success,2026-01-21T18:45:05.350306,2026-01-21T18:45:20.221098,14.870792,
COAD,TC,4,success,2026-01-21T18:45:20.221847,2026-01-21T18:45:35.019190,14.797343,
COAD,TC,5,success,2026-01-21T18:45:35.019878,2026-01-21T18:45:49.926112,14.906234,
COAD,TC,6,success,2026-01-21T18:45:49.926808,2026-01-21T18:46:04.746207,14.819399,
COAD,TC,7,success,2026-01-21T18:46:04.746946,2026-01-21T18:46:08.184185,3.437239,
COAD,TC,8,success,2026-01-21T18:46:08.185148,2026-01-21T18:46:23.108276,14.923128,
COAD,TC,9,success,2026-01-21T18:46:23.109009,2026-01-21T18:46:26.536537,3.427528,
COAD,TC,10,success,2026-01-21T18:46:26.537278,2026-01-21T18:46:29.834341,3.297063,
COAD,TC,11,success,2026-01-21T18:46:29.835044,2026-01-21T18:46:43.764795,13.929751,
COAD,TC,12,success,2026-01-21T18:46:43.765583,2026-01-21T18:46:57.725945,13.960362,
COAD,TC,13,success,2026-01-21T18:46:57.726681,2026-01-21T18:47:11.713846,13.987165,
COAD,TC,14,success,2026-01-21T18:47:11.714528,2026-01-21T18:47:26.209887,14.495359,
COAD,TC,15,success,2026-01-21T18:47:26.210608,2026-01-21T18:47:41.378881,15.168273,
COAD,TC,16,success,2026-01-21T18:47:41.379620,2026-01-21T18:47:56.520837,15.141217,
COAD,TC,17,success,2026-01-21T18:47:56.521541,2026-01-21T18:48:00.190901,3.66936,
COAD,TC,18,success,2026-01-21T18:48:00.191608,2026-01-21T18:48:15.946941,15.755333,
COAD,TC,19,success,2026-01-21T18:48:15.947697,2026-01-21T18:48:19.597032,3.649335,
COAD,TC,20,success,2026-01-21T18:48:19.597744,2026-01-21T18:48:23.168459,3.570715,
COAD,DESeq,1,success,2026-01-21T18:48:23.169236,2026-01-21T18:48:38.688394,15.519158,
COAD,DESeq,2,success,2026-01-21T18:48:38.689160,2026-01-21T18:48:53.290098,14.600938,
COAD,DESeq,3,success,2026-01-21T18:48:53.290827,2026-01-21T18:49:07.915591,14.624764,
COAD,DESeq,4,success,2026-01-21T18:49:07.916317,2026-01-21T18:49:22.471255,14.554938,
COAD,DESeq,5,success,2026-01-21T18:49:22.471948,2026-01-21T18:49:25.927190,3.455242,
COAD,DESeq,6,success,2026-01-21T18:49:25.927932,2026-01-21T18:49:40.982151,15.054219,
COAD,DESeq,7,success,2026-01-21T18:49:40.982874,2026-01-21T18:49:55.103442,14.120568,
COAD,DESeq,8,success,2026-01-21T18:49:55.104153,2026-01-21T18:50:09.063031,13.958878,
COAD,DESeq,9,success,2026-01-21T18:50:09.063944,2026-01-21T18:50:24.403431,15.339487,
COAD,DESeq,10,success,2026-01-21T18:50:24.404324,2026-01-21T18:50:38.276509,13.872185,
COAD,DESeq,11,success,2026-01-21T18:50:38.277281,2026-01-21T18:50:52.185123,13.907842,
COAD,DESeq,12,success,2026-01-21T18:50:52.185871,2026-01-21T18:51:08.720877,16.535006,
COAD,DESeq,13,success,2026-01-21T18:51:08.721739,2026-01-21T18:51:24.218349,15.49661,
COAD,DESeq,14,success,2026-01-21T18:51:24.219190,2026-01-21T18:51:38.825280,14.60609,
COAD,DESeq,15,success,2026-01-21T18:51:38.826045,2026-01-21T18:51:53.149916,14.323871,
COAD,DESeq,16,success,2026-01-21T18:51:53.150768,2026-01-21T18:52:08.095185,14.944417,
COAD,DESeq,17,success,2026-01-21T18:52:08.095946,2026-01-21T18:52:23.065071,14.969125,
COAD,DESeq,18,success,2026-01-21T18:52:23.068004,2026-01-21T18:52:39.053760,15.985756,
COAD,DESeq,19,success,2026-01-21T18:52:39.054558,2026-01-21T18:52:54.059595,15.005037,
COAD,DESeq,20,success,2026-01-21T18:52:54.060359,2026-01-21T18:53:08.612386,14.552027,
LAML,raw,1,success,2026-01-21T18:53:08.613141,2026-01-21T18:53:11.925208,3.312067,
LAML,raw,2,success,2026-01-21T18:53:11.926058,2026-01-21T18:53:15.339807,3.413749,
LAML,raw,3,success,2026-01-21T18:53:15.340627,2026-01-21T18:53:18.624713,3.284086,
LAML,raw,4,success,2026-01-21T18:53:18.625559,2026-01-21T18:53:22.014986,3.389427,
LAML,raw,5,success,2026-01-21T18:53:22.015831,2026-01-21T18:53:25.410353,3.394522,
LAML,raw,6,success,2026-01-21T18:53:25.411123,2026-01-21T18:53:28.775447,3.364324,
LAML,raw,7,success,2026-01-21T18:53:28.776250,2026-01-21T18:53:32.709261,3.933011,
LAML,raw,8,success,2026-01-21T18:53:32.710161,2026-01-21T18:53:36.614485,3.904324,
LAML,raw,9,success,2026-01-21T18:53:36.615319,2026-01-21T18:53:41.113657,4.498338,
LAML,raw,10,success,2026-01-21T18:53:41.114527,2026-01-21T18:53:45.100075,3.985548,
LAML,raw,11,success,2026-01-21T18:53:45.100920,2026-01-21T18:53:49.026097,3.925177,
LAML,raw,12,success,2026-01-21T18:53:49.027057,2026-01-21T18:53:53.934830,4.907773,
LAML,raw,13,success,2026-01-21T18:53:53.936025,2026-01-21T18:53:58.375051,4.439026,
LAML,raw,14,success,2026-01-21T18:53:58.376080,2026-01-21T18:54:03.009841,4.633761,
LAML,raw,15,success,2026-01-21T18:54:03.010917,2026-01-21T18:54:07.210653,4.199736,
LAML,raw,16,success,2026-01-21T18:54:07.211548,2026-01-21T18:54:10.920955,3.709407,
LAML,raw,17,success,2026-01-21T18:54:10.921757,2026-01-21T18:54:14.730915,3.809158,
LAML,raw,18,success,2026-01-21T18:54:14.731884,2026-01-21T18:54:18.431308,3.699424,
LAML,raw,19,success,2026-01-21T18:54:18.432156,2026-01-21T18:54:22.173457,3.741301,
LAML,raw,20,success,2026-01-21T18:54:22.174346,2026-01-21T18:54:25.723167,3.548821,
LAML,TC,1,success,2026-01-21T18:54:25.723999,2026-01-21T18:54:29.392377,3.668378,
LAML,TC,2,success,2026-01-21T18:54:29.393206,2026-01-21T18:54:33.049402,3.656196,
LAML,TC,3,success,2026-01-21T18:54:33.050262,2026-01-21T18:54:36.771144,3.720882,
LAML,TC,4,success,2026-01-21T18:54:36.772002,2026-01-21T18:54:40.559379,3.787377,
LAML,TC,5,success,2026-01-21T18:54:40.560231,2026-01-21T18:54:44.172122,3.611891,
LAML,TC,6,success,2026-01-21T18:54:44.172973,2026-01-21T18:54:47.744064,3.571091,
LAML,TC,7,success,2026-01-21T18:54:47.744868,2026-01-21T18:54:51.442030,3.697162,
LAML,TC,8,success,2026-01-21T18:54:51.442885,2026-01-21T18:54:55.096824,3.653939,
LAML,TC,9,success,2026-01-21T18:54:55.097672,2026-01-21T18:54:58.733661,3.635989,
LAML,TC,10,success,2026-01-21T18:54:58.734481,2026-01-21T18:55:02.297761,3.56328,
LAML,TC,11,success,2026-01-21T18:55:02.298601,2026-01-21T18:55:05.970219,3.671618,
LAML,TC,12,success,2026-01-21T18:55:05.971069,2026-01-21T18:55:09.547822,3.576753,
LAML,TC,13,success,2026-01-21T18:55:09.548639,2026-01-21T18:55:13.144471,3.595832,
LAML,TC,14,success,2026-01-21T18:55:13.145316,2026-01-21T18:55:16.739737,3.594421,
LAML,TC,15,success,2026-01-21T18:55:16.740568,2026-01-21T18:55:20.392334,3.651766,
LAML,TC,16,success,2026-01-21T18:55:20.393198,2026-01-21T18:55:24.016480,3.623282,
LAML,TC,17,success,2026-01-21T18:55:24.017352,2026-01-21T18:55:27.642600,3.625248,
LAML,TC,18,success,2026-01-21T18:55:27.643401,2026-01-21T18:55:31.194956,3.551555,
LAML,TC,19,success,2026-01-21T18:55:31.195761,2026-01-21T18:55:34.882638,3.686877,
LAML,TC,20,success,2026-01-21T18:55:34.883478,2026-01-21T18:55:38.552582,3.669104,
LAML,DESeq,1,success,2026-01-21T18:55:38.553389,2026-01-21T18:55:42.172874,3.619485,
LAML,DESeq,2,success,2026-01-21T18:55:42.173654,2026-01-21T18:55:45.771292,3.597638,
LAML,DESeq,3,success,2026-01-21T18:55:45.772081,2026-01-21T18:55:49.402218,3.630137,
LAML,DESeq,4,success,2026-01-21T18:55:49.402994,2026-01-21T18:55:53.031060,3.628066,
LAML,DESeq,5,success,2026-01-21T18:55:53.031903,2026-01-21T18:55:56.667616,3.635713,
LAML,DESeq,6,success,2026-01-21T18:55:56.668495,2026-01-21T18:56:00.236152,3.567657,
LAML,DESeq,7,success,2026-01-21T18:56:00.237015,2026-01-21T18:56:03.910922,3.673907,
LAML,DESeq,8,success,2026-01-21T18:56:03.911711,2026-01-21T18:56:07.506802,3.595091,
LAML,DESeq,9,success,2026-01-21T18:56:07.507673,2026-01-21T18:56:11.154189,3.646516,
LAML,DESeq,10,success,2026-01-21T18:56:11.154971,2026-01-21T18:56:14.730835,3.575864,
LAML,DESeq,11,success,2026-01-21T18:56:14.731663,2026-01-21T18:56:18.336613,3.60495,
LAML,DESeq,12,success,2026-01-21T18:56:18.337426,2026-01-21T18:56:22.009073,3.671647,
LAML,DESeq,13,success,2026-01-21T18:56:22.009935,2026-01-21T18:56:25.615253,3.605318,
LAML,DESeq,14,success,2026-01-21T18:56:25.616063,2026-01-21T18:56:29.203430,3.587367,
LAML,DESeq,15,success,2026-01-21T18:56:29.204309,2026-01-21T18:56:32.828853,3.624544,
LAML,DESeq,16,success,2026-01-21T18:56:32.829719,2026-01-21T18:56:36.534691,3.704972,
LAML,DESeq,17,success,2026-01-21T18:56:36.535576,2026-01-21T18:56:40.183317,3.647741,
LAML,DESeq,18,success,2026-01-21T18:56:40.184292,2026-01-21T18:56:43.757964,3.573672,
LAML,DESeq,19,success,2026-01-21T18:56:43.758838,2026-01-21T18:56:47.568508,3.80967,
LAML,DESeq,20,success,2026-01-21T18:56:47.569415,2026-01-21T18:56:51.431437,3.862022,
PAAD,raw,1,success,2026-01-21T18:56:51.432308,2026-01-21T18:56:55.224828,3.79252,
PAAD,raw,2,success,2026-01-21T18:56:55.225697,2026-01-21T18:56:59.043897,3.8182,
PAAD,raw,3,success,2026-01-21T18:56:59.044833,2026-01-21T18:57:01.670871,2.626038,
PAAD,raw,4,success,2026-01-21T18:57:01.671742,2026-01-21T18:57:05.537542,3.8658,
PAAD,raw,5,success,2026-01-21T18:57:05.538465,2026-01-21T18:57:09.231406,3.692941,
PAAD,raw,6,success,2026-01-21T18:57:09.232298,2026-01-21T18:57:13.052237,3.819939,
PAAD,raw,7,success,2026-01-21T18:57:13.053121,2026-01-21T18:57:16.902866,3.849745,
PAAD,raw,8,success,2026-01-21T18:57:16.903812,2026-01-21T18:57:20.709531,3.805719,
PAAD,raw,9,success,2026-01-21T18:57:20.710408,2026-01-21T18:57:24.685330,3.974922,
PAAD,raw,10,success,2026-01-21T18:57:24.686243,2026-01-21T18:57:28.444879,3.758636,
PAAD,raw,11,success,2026-01-21T18:57:28.445741,2026-01-21T18:57:32.312555,3.866814,
PAAD,raw,12,success,2026-01-21T18:57:32.313431,2026-01-21T18:57:36.113558,3.800127,
PAAD,raw,13,success,2026-01-21T18:57:36.114440,2026-01-21T18:57:39.192569,3.078129,
PAAD,raw,14,success,2026-01-21T18:57:39.193458,2026-01-21T18:57:43.000634,3.807176,
PAAD,raw,15,success,2026-01-21T18:57:43.001497,2026-01-21T18:57:46.842798,3.841301,
PAAD,raw,16,success,2026-01-21T18:57:46.843713,2026-01-21T18:57:50.584894,3.741181,
PAAD,raw,17,success,2026-01-21T18:57:50.585813,2026-01-21T18:57:54.396464,3.810651,
PAAD,raw,18,success,2026-01-21T18:57:54.397445,2026-01-21T18:57:58.136176,3.738731,
PAAD,raw,19,success,2026-01-21T18:57:58.137034,2026-01-21T18:58:02.025144,3.88811,
PAAD,raw,20,success,2026-01-21T18:58:02.026025,2026-01-21T18:58:05.796726,3.770701,
PAAD,TC,1,success,2026-01-21T18:58:05.797628,2026-01-21T18:58:09.623650,3.826022,
PAAD,TC,2,success,2026-01-21T18:58:09.624621,2026-01-21T18:58:13.480432,3.855811,
PAAD,TC,3,success,2026-01-21T18:58:13.481385,2026-01-21T18:58:17.236720,3.755335,
PAAD,TC,4,success,2026-01-21T18:58:17.237626,2026-01-21T18:58:21.096124,3.858498,
PAAD,TC,5,success,2026-01-21T18:58:21.097042,2026-01-21T18:58:24.901921,3.804879,
PAAD,TC,6,success,2026-01-21T18:58:24.902875,2026-01-21T18:58:28.788914,3.886039,
PAAD,TC,7,success,2026-01-21T18:58:28.789882,2026-01-21T18:58:32.595231,3.805349,
PAAD,TC,8,success,2026-01-21T18:58:32.596155,2026-01-21T18:58:36.558138,3.961983,
PAAD,TC,9,success,2026-01-21T18:58:36.559154,2026-01-21T18:58:40.694114,4.13496,
PAAD,TC,10,success,2026-01-21T18:58:40.695048,2026-01-21T18:58:44.604709,3.909661,
PAAD,TC,11,success,2026-01-21T18:58:44.605659,2026-01-21T18:58:48.430742,3.825083,
PAAD,TC,12,success,2026-01-21T18:58:48.431690,2026-01-21T18:58:52.289756,3.858066,
PAAD,TC,13,success,2026-01-21T18:58:52.290674,2026-01-21T18:58:56.151362,3.860688,
PAAD,TC,14,success,2026-01-21T18:58:56.152330,2026-01-21T18:58:59.949936,3.797606,
PAAD,TC,15,success,2026-01-21T18:58:59.950907,2026-01-21T18:59:03.815754,3.864847,
PAAD,TC,16,success,2026-01-21T18:59:03.816687,2026-01-21T18:59:07.655891,3.839204,
PAAD,TC,17,success,2026-01-21T18:59:07.656811,2026-01-21T18:59:11.498936,3.842125,
PAAD,TC,18,success,2026-01-21T18:59:11.499875,2026-01-21T18:59:15.400416,3.900541,
PAAD,TC,19,success,2026-01-21T18:59:15.401359,2026-01-21T18:59:19.173286,3.771927,
PAAD,TC,20,success,2026-01-21T18:59:19.174218,2026-01-21T18:59:23.033027,3.858809,
PAAD,DESeq,1,success,2026-01-21T18:59:23.033974,2026-01-21T18:59:26.943376,3.909402,
PAAD,DESeq,2,success,2026-01-21T18:59:26.944367,2026-01-21T18:59:30.327440,3.383073,
PAAD,DESeq,3,success,2026-01-21T18:59:30.328391,2026-01-21T18:59:34.225334,3.896943,
PAAD,DESeq,4,success,2026-01-21T18:59:34.226244,2026-01-21T18:59:38.109647,3.883403,
PAAD,DESeq,5,success,2026-01-21T18:59:38.110575,2026-01-21T18:59:42.011844,3.901269,
PAAD,DESeq,6,success,2026-01-21T18:59:42.012765,2026-01-21T18:59:45.779911,3.767146,
PAAD,DESeq,7,success,2026-01-21T18:59:45.780864,2026-01-21T18:59:49.639285,3.858421,
PAAD,DESeq,8,success,2026-01-21T18:59:49.640332,2026-01-21T18:59:53.504437,3.864105,
PAAD,DESeq,9,success,2026-01-21T18:59:53.505371,2026-01-21T18:59:57.343804,3.838433,
PAAD,DESeq,10,success,2026-01-21T18:59:57.344770,2026-01-21T19:00:01.157586,3.812816,
PAAD,DESeq,11,success,2026-01-21T19:00:01.158566,2026-01-21T19:00:05.042801,3.884235,
PAAD,DESeq,12,success,2026-01-21T19:00:05.043735,2026-01-21T19:00:08.892403,3.848668,
PAAD,DESeq,13,success,2026-01-21T19:00:08.893365,2026-01-21T19:00:12.800942,3.907577,
PAAD,DESeq,14,success,2026-01-21T19:00:12.801857,2026-01-21T19:00:16.547097,3.74524,
PAAD,DESeq,15,success,2026-01-21T19:00:16.548119,2026-01-21T19:00:20.422359,3.87424,
PAAD,DESeq,16,success,2026-01-21T19:00:20.423347,2026-01-21T19:00:24.307640,3.884293,
PAAD,DESeq,17,success,2026-01-21T19:00:24.308650,2026-01-21T19:00:28.120125,3.811475,
PAAD,DESeq,18,success,2026-01-21T19:00:28.121103,2026-01-21T19:00:32.002954,3.881851,
PAAD,DESeq,19,success,2026-01-21T19:00:32.003921,2026-01-21T19:00:35.800149,3.796228,
PAAD,DESeq,20,success,2026-01-21T19:00:35.801410,2026-01-21T19:00:39.676906,3.875496,
READ,raw,1,success,2026-01-21T19:00:39.677882,2026-01-21T19:00:42.107571,2.429689,
READ,raw,2,success,2026-01-21T19:00:42.108552,2026-01-21T19:00:45.376096,3.267544,
READ,raw,3,success,2026-01-21T19:00:45.377044,2026-01-21T19:00:48.676891,3.299847,
READ,raw,4,success,2026-01-21T19:00:48.677881,2026-01-21T19:00:51.898255,3.220374,
READ,raw,5,success,2026-01-21T19:00:51.899210,2026-01-21T19:00:55.217523,3.318313,
READ,raw,6,success,2026-01-21T19:00:55.218486,2026-01-21T19:00:58.514013,3.295527,
READ,raw,7,success,2026-01-21T19:00:58.514981,2026-01-21T19:01:01.732117,3.217136,
READ,raw,8,success,2026-01-21T19:01:01.733168,2026-01-21T19:01:05.148036,3.414868,
READ,raw,9,success,2026-01-21T19:01:05.148983,2026-01-21T19:01:08.407989,3.259006,
READ,raw,10,success,2026-01-21T19:01:08.408959,2026-01-21T19:01:11.688502,3.279543,
READ,raw,11,success,2026-01-21T19:01:11.689477,2026-01-21T19:01:14.984706,3.295229,
READ,raw,12,success,2026-01-21T19:01:14.985727,2026-01-21T19:01:18.323656,3.337929,
READ,raw,13,success,2026-01-21T19:01:18.324644,2026-01-21T19:01:21.590986,3.266342,
READ,raw,14,success,2026-01-21T19:01:21.592007,2026-01-21T19:01:24.954451,3.362444,
READ,raw,15,success,2026-01-21T19:01:24.955451,2026-01-21T19:01:28.217929,3.262478,
READ,raw,16,success,2026-01-21T19:01:28.218887,2026-01-21T19:01:31.462348,3.243461,
READ,raw,17,success,2026-01-21T19:01:31.463314,2026-01-21T19:01:34.806506,3.343192,
READ,raw,18,success,2026-01-21T19:01:34.807477,2026-01-21T19:01:38.108456,3.300979,
READ,raw,19,success,2026-01-21T19:01:38.109437,2026-01-21T19:01:41.399638,3.290201,
READ,raw,20,success,2026-01-21T19:01:41.400621,2026-01-21T19:01:44.735528,3.334907,
READ,TC,1,success,2026-01-21T19:01:44.736560,2026-01-21T19:01:48.052131,3.315571,
READ,TC,2,success,2026-01-21T19:01:48.053193,2026-01-21T19:01:51.422250,3.369057,
READ,TC,3,success,2026-01-21T19:01:51.423328,2026-01-21T19:01:54.768561,3.345233,
READ,TC,4,success,2026-01-21T19:01:54.769580,2026-01-21T19:01:58.169429,3.399849,
READ,TC,5,success,2026-01-21T19:01:58.170398,2026-01-21T19:02:01.444568,3.27417,
READ,TC,6,success,2026-01-21T19:02:01.445573,2026-01-21T19:02:04.861663,3.41609,
READ,TC,7,success,2026-01-21T19:02:04.862756,2026-01-21T19:02:08.218931,3.356175,
READ,TC,8,success,2026-01-21T19:02:08.220051,2026-01-21T19:02:11.516208,3.296157,
READ,TC,9,success,2026-01-21T19:02:11.517179,2026-01-21T19:02:14.844094,3.326915,
READ,TC,10,success,2026-01-21T19:02:14.845089,2026-01-21T19:02:18.242766,3.397677,
READ,TC,11,success,2026-01-21T19:02:18.243808,2026-01-21T19:02:21.523899,3.280091,
READ,TC,12,success,2026-01-21T19:02:21.524954,2026-01-21T19:02:24.948551,3.423597,
READ,TC,13,success,2026-01-21T19:02:24.949588,2026-01-21T19:02:28.173498,3.22391,
READ,TC,14,success,2026-01-21T19:02:28.174506,2026-01-21T19:02:31.440585,3.266079,
READ,TC,15,success,2026-01-21T19:02:31.441605,2026-01-21T19:02:34.711801,3.270196,
READ,TC,16,success,2026-01-21T19:02:34.712809,2026-01-21T19:02:37.986528,3.273719,
READ,TC,17,success,2026-01-21T19:02:37.987593,2026-01-21T19:02:41.335652,3.348059,
READ,TC,18,success,2026-01-21T19:02:41.336676,2026-01-21T19:02:44.609907,3.273231,
READ,TC,19,success,2026-01-21T19:02:44.610889,2026-01-21T19:02:47.832364,3.221475,
READ,TC,20,success,2026-01-21T19:02:47.833369,2026-01-21T19:02:51.103958,3.270589,
READ,DESeq,1,success,2026-01-21T19:02:51.104965,2026-01-21T19:02:54.301273,3.196308,
READ,DESeq,2,success,2026-01-21T19:02:54.302293,2026-01-21T19:02:55.706123,1.40383,
READ,DESeq,3,success,2026-01-21T19:02:55.707141,2026-01-21T19:02:58.952586,3.245445,
READ,DESeq,4,success,2026-01-21T19:02:58.953658,2026-01-21T19:03:02.234620,3.280962,
READ,DESeq,5,success,2026-01-21T19:03:02.235749,2026-01-21T19:03:05.552878,3.317129,
READ,DESeq,6,success,2026-01-21T19:03:05.553886,2026-01-21T19:03:08.772510,3.218624,
READ,DESeq,7,success,2026-01-21T19:03:08.773528,2026-01-21T19:03:12.062811,3.289283,
READ,DESeq,8,success,2026-01-21T19:03:12.063831,2026-01-21T19:03:15.306695,3.242864,
READ,DESeq,9,success,2026-01-21T19:03:15.307709,2026-01-21T19:03:18.595759,3.28805,
READ,DESeq,10,success,2026-01-21T19:03:18.596821,2026-01-21T19:03:21.944799,3.347978,
READ,DESeq,11,success,2026-01-21T19:03:21.945819,2026-01-21T19:03:25.206282,3.260463,
READ,DESeq,12,success,2026-01-21T19:03:25.207300,2026-01-21T19:03:28.500766,3.293466,
READ,DESeq,13,success,2026-01-21T19:03:28.501778,2026-01-21T19:03:31.735703,3.233925,
READ,DESeq,14,success,2026-01-21T19:03:31.736742,2026-01-21T19:03:34.969238,3.232496,
READ,DESeq,15,success,2026-01-21T19:03:34.970376,2026-01-21T19:03:38.386332,3.415956,
READ,DESeq,16,success,2026-01-21T19:03:38.387410,2026-01-21T19:03:41.622367,3.234957,
READ,DESeq,17,success,2026-01-21T19:03:41.623395,2026-01-21T19:03:44.967520,3.344125,
READ,DESeq,18,success,2026-01-21T19:03:44.968609,2026-01-21T19:03:48.230048,3.261439,
READ,DESeq,19,success,2026-01-21T19:03:48.231049,2026-01-21T19:03:51.463722,3.232673,
READ,DESeq,20,success,2026-01-21T19:03:51.464720,2026-01-21T19:03:54.778355,3.313635,
SKCM,raw,1,success,2026-01-21T19:03:54.779389,2026-01-21T19:04:13.616009,18.83662,
SKCM,raw,2,success,2026-01-21T19:04:13.617032,2026-01-21T19:04:32.323455,18.706423,
SKCM,raw,3,success,2026-01-21T19:04:32.324665,2026-01-21T19:04:51.237626,18.912961,
SKCM,raw,4,success,2026-01-21T19:04:51.239075,2026-01-21T19:05:10.708266,19.469191,
SKCM,raw,5,success,2026-01-21T19:05:10.709423,2026-01-21T19:05:30.208712,19.499289,
SKCM,raw,6,success,2026-01-21T19:05:30.209825,2026-01-21T19:05:50.022785,19.81296,
SKCM,raw,7,success,2026-01-21T19:05:50.023843,2026-01-21T19:06:09.046814,19.022971,
SKCM,raw,8,success,2026-01-21T19:06:09.048007,2026-01-21T19:06:28.933946,19.885939,
SKCM,raw,9,success,2026-01-21T19:06:28.935273,2026-01-21T19:06:48.510273,19.575,
SKCM,raw,10,success,2026-01-21T19:06:48.511291,2026-01-21T19:07:07.973561,19.46227,
SKCM,raw,11,success,2026-01-21T19:07:07.974574,2026-01-21T19:07:27.731800,19.757226,
SKCM,raw,12,success,2026-01-21T19:07:27.732851,2026-01-21T19:07:46.483931,18.75108,
SKCM,raw,13,success,2026-01-21T19:07:46.485066,2026-01-21T19:08:05.305839,18.820773,
SKCM,raw,14,success,2026-01-21T19:08:05.306893,2026-01-21T19:08:24.087907,18.781014,
SKCM,raw,15,success,2026-01-21T19:08:24.088944,2026-01-21T19:08:43.340786,19.251842,
SKCM,raw,16,success,2026-01-21T19:08:43.341824,2026-01-21T19:09:01.999975,18.658151,
SKCM,raw,17,success,2026-01-21T19:09:02.001068,2026-01-21T19:09:20.791789,18.790721,
SKCM,raw,18,success,2026-01-21T19:09:20.792806,2026-01-21T19:09:39.628760,18.835954,
SKCM,raw,19,success,2026-01-21T19:09:39.629853,2026-01-21T19:09:58.297114,18.667261,
SKCM,raw,20,success,2026-01-21T19:09:58.298170,2026-01-21T19:10:16.932694,18.634524,
SKCM,TC,1,success,2026-01-21T19:10:16.933732,2026-01-21T19:10:35.878649,18.944917,
SKCM,TC,2,success,2026-01-21T19:10:35.879742,2026-01-21T19:10:54.870007,18.990265,
SKCM,TC,3,success,2026-01-21T19:10:54.871085,2026-01-21T19:11:13.847347,18.976262,
SKCM,TC,4,success,2026-01-21T19:11:13.848446,2026-01-21T19:11:32.838691,18.990245,
SKCM,TC,5,success,2026-01-21T19:11:32.839773,2026-01-21T19:11:51.889807,19.050034,
SKCM,TC,6,success,2026-01-21T19:11:51.890877,2026-01-21T19:12:10.926599,19.035722,
SKCM,TC,7,success,2026-01-21T19:12:10.927656,2026-01-21T19:12:29.986959,19.059303,
SKCM,TC,8,success,2026-01-21T19:12:29.988030,2026-01-21T19:12:49.130834,19.142804,
SKCM,TC,9,success,2026-01-21T19:12:49.132086,2026-01-21T19:13:08.153093,19.021007,
SKCM,TC,10,success,2026-01-21T19:13:08.154164,2026-01-21T19:13:12.787598,4.633434,
SKCM,TC,11,success,2026-01-21T19:13:12.788759,2026-01-21T19:13:31.896879,19.10812,
SKCM,TC,12,success,2026-01-21T19:13:31.898096,2026-01-21T19:13:50.997519,19.099423,
SKCM,TC,13,success,2026-01-21T19:13:50.998647,2026-01-21T19:14:09.881237,18.88259,
SKCM,TC,14,success,2026-01-21T19:14:09.882301,2026-01-21T19:14:28.761101,18.8788,
SKCM,TC,15,success,2026-01-21T19:14:28.762347,2026-01-21T19:14:48.013105,19.250758,
SKCM,TC,16,success,2026-01-21T19:14:48.014322,2026-01-21T19:15:07.071662,19.05734,
SKCM,TC,17,success,2026-01-21T19:15:07.072925,2026-01-21T19:15:26.072197,18.999272,
SKCM,TC,18,success,2026-01-21T19:15:26.073433,2026-01-21T19:15:45.116086,19.042653,
SKCM,TC,19,success,2026-01-21T19:15:45.117289,2026-01-21T19:16:04.278610,19.161321,
SKCM,TC,20,success,2026-01-21T19:16:04.279865,2026-01-21T19:16:23.335878,19.056013,
SKCM,DESeq,1,success,2026-01-21T19:16:23.337137,2026-01-21T19:16:42.432620,19.095483,
SKCM,DESeq,2,success,2026-01-21T19:16:42.433830,2026-01-21T19:17:01.460922,19.027092,
SKCM,DESeq,3,success,2026-01-21T19:17:01.462005,2026-01-21T19:17:20.597629,19.135624,
SKCM,DESeq,4,success,2026-01-21T19:17:20.598908,2026-01-21T19:17:39.791513,19.192605,
SKCM,DESeq,5,success,2026-01-21T19:17:39.792759,2026-01-21T19:17:58.779384,18.986625,
SKCM,DESeq,6,success,2026-01-21T19:17:58.780564,2026-01-21T19:18:17.883323,19.102759,
SKCM,DESeq,7,success,2026-01-21T19:18:17.884411,2026-01-21T19:18:37.304562,19.420151,
SKCM,DESeq,8,success,2026-01-21T19:18:37.306020,2026-01-21T19:18:42.037704,4.731684,
SKCM,DESeq,9,success,2026-01-21T19:18:42.038820,2026-01-21T19:19:01.153753,19.114933,
SKCM,DESeq,10,success,2026-01-21T19:19:01.154884,2026-01-21T19:19:20.389452,19.234568,
SKCM,DESeq,11,success,2026-01-21T19:19:20.390610,2026-01-21T19:19:39.614203,19.223593,
SKCM,DESeq,12,success,2026-01-21T19:19:39.615341,2026-01-21T19:19:58.768038,19.152697,
SKCM,DESeq,13,success,2026-01-21T19:19:58.769603,2026-01-21T19:20:17.934081,19.164478,
SKCM,DESeq,14,success,2026-01-21T19:20:17.935176,2026-01-21T19:20:37.101219,19.166043,
SKCM,DESeq,15,success,2026-01-21T19:20:37.102375,2026-01-21T19:20:56.625954,19.523579,
SKCM,DESeq,16,success,2026-01-21T19:20:56.627498,2026-01-21T19:21:16.944441,20.316943,
SKCM,DESeq,17,success,2026-01-21T19:21:16.945532,2026-01-21T19:21:36.223723,19.278191,
SKCM,DESeq,18,success,2026-01-21T19:21:36.224925,2026-01-21T19:21:55.482138,19.257213,
SKCM,DESeq,19,success,2026-01-21T19:21:55.483239,2026-01-21T19:22:14.740348,19.257109,
SKCM,DESeq,20,success,2026-01-21T19:22:14.741611,2026-01-21T19:22:34.034530,19.292919,
